fault,hedging,op,samples,p50_ms,p95_ms,p99_ms
none,on,put,90,187.611,240.195,272.369
none,on,get,360,92.087,128.469,140.468
none,on,stat,360,42.898,68.309,75.087
none,off,put,90,187.611,240.195,272.369
none,off,get,360,92.087,128.469,140.468
none,off,stat,360,42.898,68.309,75.087
gray-node,on,put,90,213.782,284.089,293.847
gray-node,on,get,360,136.033,220.815,234.606
gray-node,on,stat,360,40.591,67.027,71.758
gray-node,off,put,90,4111.180,4209.087,4258.604
gray-node,off,get,360,138.895,4123.965,4140.923
gray-node,off,stat,360,40.012,67.555,73.592
loss-1pct,on,put,90,184.477,10300.546,20334.537
loss-1pct,on,get,360,93.128,138.336,10183.733
loss-1pct,on,stat,360,41.537,71.187,10143.582
loss-1pct,off,put,90,192.607,10300.456,20308.909
loss-1pct,off,get,360,93.016,155.832,10195.352
loss-1pct,off,stat,360,42.448,69.999,10140.975
